"Title","URL","CodeLines","FnCount","Functions","Selector","Headings"
"p5.strands: Introduction to Shaders","https://beta.p5js.org/tutorials/intro-to-p5-strands/","205","19","setup|draw|createCanvas|background|noStroke|filter|floor|max|pow|sin|cos|millis|createFramebuffer|shader|sphere|buildGeometry|ambientLight|pointLight|orbitControl",".cm-content(10)","p5.strands: Introduction to Shaders | Introduction | What is a Shader? | What is p5.strands? | Getting started with p5.strands | The setup | What’s happening here? | Available shaders"
"Typography 2.0","https://beta.p5js.org/tutorials/typography-20/","335","23","setup|draw|createCanvas|background|fill|noStroke|circle|textSize|textAlign|loadImage|loadFont|model|map|lerp|sin|asin|millis|box|sphere|normalMaterial|texture|orbitControl|split",".cm-content(19)","Greetings from p5.js 2.0: Animation, Interaction, and Typography in 2D and 3D | WebGL mode | 2D Text | 3D text | Drawing a background image | Layering | 3D rotation | Lighting"
"Setting Up Your Environment","https://beta.p5js.org/tutorials/setting-up-your-environment/","47","6","setup|draw|createCanvas|background|fill|circle",".cm-content(5)","Setting Up Your Environment | Introduction | What you will need | Step 0: Choose the type of coding environment | Using the p5.js Web Editor | Step 1: Open the p5.js Web Editor sign-up page | Step 2: Create an account with p5.js Web Editor | Step 3: Explore the p5.js Web Editor"
"Get Started","https://beta.p5js.org/tutorials/get-started/","95","11","setup|draw|createCanvas|background|fill|stroke|strokeWeight|circle|rect|text|textSize",".cm-content(6)","Get Started | Prerequisites | Step 1: Name and save a new p5.js project | Step 2: Change the size of the canvas | Step 3: Use comments to describe code | Comments | Statements | Step 4: Change the background color"
"Variables and Change","https://beta.p5js.org/tutorials/variables-and-change/","168","13","setup|draw|createCanvas|background|fill|stroke|ellipse|circle|rect|line|triangle|text|frameRate",".cm-content(7)","Variables and Change | Prerequisites: | Step 1: Choose where to start | Step 2: Create a background landscape | Step 3: Draw shapes using custom variables | Step 4: Add horizontal motion, | Step 5: Add more moving clouds & change frame rate | Step 6: Add vertical motion"
"Conditionals and Interactivity","https://beta.p5js.org/tutorials/conditionals-and-interactivity/","263","10","setup|draw|createCanvas|background|fill|stroke|circle|rect|line|triangle","pre code(37)","Conditionals and Interactivity | Prerequisites | Part 1: Interactive Sun | The IF Statement (a conditional statement) | The IF-ELSE Statement | Part 2: Sunrise Animation | Nested Conditionals"
"Organizing Code with Functions","https://beta.p5js.org/tutorials/organizing-code-with-functions/","355","17","setup|draw|createCanvas|background|fill|stroke|noStroke|strokeWeight|circle|rect|line|point|triangle|keyPressed|text|textSize|textAlign","pre code(30)","Organizing Code with Functions | Prerequisites | What is a function? | Defining custom functions | Step 1: Plan your functions with comments | Step 2: Create and call a custom function for the sky | Step 3: Create and call a custom function for the sun | Step 4: Create and call a custom function for the mountains"
"Repeating with Loops","https://beta.p5js.org/tutorials/repeating-with-loops/","199","13","setup|draw|createCanvas|background|fill|stroke|noStroke|circle|rect|line|point|push|frameRate",".cm-content(8)","Repeating with Loops | Introduction | What you’ll need | Step 1 – Draw the racetrack | Step 2 – Draw one caterpillar segment and make it move. | If-statements | Step 3 – Draw one caterpillar | 3.1 – Declare the properties of the caterpillar’s body"
"Data Structure Garden","https://beta.p5js.org/tutorials/data-structure-garden/","218","16","setup|draw|createCanvas|background|fill|noStroke|ellipse|push|mousePressed|text|textSize|color|log|random|frameRate|splice",".cm-content(12)","Data Structure Garden | Prerequisites | JavaScript Objects | Step 1: Make your first object | Step 2: Use your object | Step 3: Define a createFlower() function | Step 4: Define the drawFlower() function with a parameter | Step 5: Learn to use arrays"
"Animating with Media Objects","https://beta.p5js.org/tutorials/animating-with-media-objects/","218","8","setup|draw|createCanvas|background|loadImage|image|imageMode|createGraphics",".cm-content(9)","Animating with Media Objects | Introduction | Things you’ll need | Step 1 – Upload image files to the sketch folder | Step 2 – Load the images into the canvas | loadImage() | Step 3 – Draw the images onto the canvas | image()"
"Color Gradients","https://beta.p5js.org/tutorials/color-gradients/","17","7","setup|createCanvas|stroke|line|color|colorMode|map",".cm-content(1)","Color Gradients | Introduction | Prerequisites | Step 1: Set up your p5.js Web Editor and webcam | Step 2: Add a linear gradient filter on top of your photo | A white person with short dark curly hair wearing pink heart shaped glasses posing with his hand under his chin, with a vertical linear red to yellow gradient applied over the photo as a camera filter. Because of the LIGHTEST blendMode, the colorful gradient is especially visible on his dark hair and dark shirt. | Step 3: Add color gradient stickers | Conclusion"
"Custom Shapes and Smooth Curves","https://beta.p5js.org/tutorials/custom-shapes-and-smooth-curves/","387","27","setup|createCanvas|fill|stroke|noStroke|circle|line|bezierVertex|vertex|beginShape|endShape|curve|push|pop|translate|scale|mousePressed|mouseClicked|image|color|colorMode|lerpColor|map|random|blendMode|createButton|createCapture","pre code(11)","Custom Shapes and Smooth Curves | Introduction | Prerequisites | Step 1 – Open your Creating Color Gradients sketch | Step 2 – Create sparkles using the vertex() function | Step 3 – The Bézier Curve Interlude | Step 4 – Create rounded sparkles using the bezierVertex() function | Step 5 – Switch between the three sticker types with each click"
"Creating and Styling HTML","https://beta.p5js.org/tutorials/creating-styling-html/","146","9","setup|draw|createCanvas|background|min|log|select|createDiv|createP","pre code(19)","Creating and Styling HTML | Prerequisites: | Project setup | HTML | CSS | p5.Element | Conclusion | Next steps"
"Loading and Selecting Fonts","https://beta.p5js.org/tutorials/loading-and-selecting-fonts/","13","9","setup|createCanvas|background|fill|text|textSize|textFont|textAlign|loadFont",".cm-content(1)","Loading and Selecting Fonts | Prerequisites | Step 1 – Learn about fonts | Step 2 – Style text with web-safe fonts | Step 3 – Download a font from Google fonts | Step 4 – Upload the font file to your project | Step 5 – Load your font | Step 6 – Use your fonts in your display messages"
"How to Use p5.js with a Screen Reader","https://beta.p5js.org/tutorials/p5js-with-screen-reader/","0","0","","failed",""
"Writing Accessible Canvas Descriptions","https://beta.p5js.org/tutorials/writing-accessible-canvas-descriptions/","100","16","setup|draw|createCanvas|background|fill|noStroke|ellipse|triangle|text|textSize|textStyle|red|round|describe|describeElement|gridOutput","pre code(7)","Writing Accessible Canvas Descriptions | Introduction | What is Labeling? | Why Labeling Matters | Available Labeling Functions | Prerequisites | Step 1 — Plan Your Labeling Strategy | Complex Projects"
"Chatting with/about Code","https://beta.p5js.org/tutorials/criticalai1-chatting-with-about-code/","13","4","draw|background|keyPressed|color","pre code(3)","Chatting with/about Code | What are we making? | How to use it: Code-generating AI | How to make it | Step 1. Describe your idea | Step 2. Gather your tools | Step 3. Prompt GPT to generate some p5.js code | Step 4. Adapt the code to your needs"
"Critical AI Prompt Battle","https://beta.p5js.org/tutorials/criticalai2-prompt-battle/","0","0","","failed",""
"Critical AI Sentiment Dataset Explorer","https://beta.p5js.org/tutorials/criticalai3-sentiment-dataset-explorer/","0","0","","failed",""
"Critical AI No-AI Chatbot","https://beta.p5js.org/tutorials/criticalai4-no-ai-chatbot/","50","2","log|createP","pre code(13)","Critical AI No-AI Chatbot | What are we making? | How to use it: Custom chatbots | How to make it | Step 1. Get started with the interactive tutorial example | Step 2. Understand basic script files | Step 3. Add user inputs and replies | Step 4. Add variation with input alternatives"
"Coordinates and Transformations","https://beta.p5js.org/tutorials/coordinates-and-transformations/","155","22","setup|draw|createCanvas|background|fill|stroke|noStroke|strokeWeight|line|push|pop|translate|rotate|scale|map|random|sin|millis|sphere|cylinder|orbitControl|createVector",".cm-content(6)","Coordinates and Transformations | 3D coordinate space | Transformations: Position and Size of 3D Shapes | translate(): Moving Objects in Space | rotate(): Orienting Objects in Space | scale(): Size in Space | Transforming Multiple Shapes | The Order of Transformations Matters!"
"Creating Custom Geometry in WebGL","https://beta.p5js.org/tutorials/custom-geometry/","96","22","setup|draw|createCanvas|background|fill|beginShape|push|pop|translate|rotate|loadModel|model|colorMode|map|noise|sphere|cylinder|buildGeometry|normalMaterial|orbitControl|createVector|describe",".cm-content(5)","Creating Custom Geometry in WebGL | Loading 3D models from file | Creating procedural geometry | Reusing procedural geometry | Smooth shading | Advanced geometry techniques | Conclusion | Glossary"
"Lights Camera Materials","https://beta.p5js.org/tutorials/lights-camera-materials/","122","29","setup|draw|createCanvas|background|fill|stroke|noStroke|beginShape|push|pop|translate|loadImage|map|millis|box|ambientLight|directionalLight|pointLight|spotLight|ambientMaterial|normalMaterial|emissiveMaterial|specularMaterial|shininess|texture|camera|orbitControl|debugMode|describe",".cm-content(6)","Lights, Camera, Materials | Camera and view | Lighting | Materials and textures | Conclusion | Glossary"
"Introduction to GLSL","https://beta.p5js.org/tutorials/intro-to-glsl/","88","6","setup|createCanvas|color|sin|loop|createVideo",".cm-content(4)","Introduction to GLSL | Setup | Writing Shaders | Shading Language (GLSL) | Vertex Shaders | Fragment Shaders | Uniforms: Passing data from sketch to shader | Varyings: Passing data from vertex to fragment shader"
"Layered Rendering with Framebuffers","https://beta.p5js.org/tutorials/layered-rendering-with-framebuffers/","73","25","setup|draw|createCanvas|background|fill|noStroke|push|pop|translate|rotate|scale|image|imageMode|map|sin|createFramebuffer|clear|sphere|ambientLight|directionalLight|ambientMaterial|normalMaterial|specularMaterial|shininess|describe",".cm-content(3)","Layered Rendering with Framebuffers | What makes Framebuffers special? | Using a p5.Framebuffer | Sketching with Feedback | Fading with Feedback: Use FLOAT Precision | Feedback in 3D: Remember Depth | Sketching with Depth | Conclusion"
"Optimizing WebGL Sketches","https://beta.p5js.org/tutorials/optimizing-webgl-sketches/","17","8","setup|draw|createCanvas|background|strokeWeight|bezier|createSlider|describe",".cm-content(1)","Optimizing WebGL Sketches | How well does your sketch run? | Getting the best performance out of WebGL | Prefer p5.Framebuffer over p5.Graphics in WebGL Mode | Replace static p5.Graphics with p5.Image | Use p5.Geometry for shapes that don’t change | Prefer shaders over modifying pixels | Other tips"
"Field Guide to Debugging","https://beta.p5js.org/tutorials/field-guide-to-debugging/","131","8","setup|draw|createCanvas|background|circle|rect|text|textSize","pre code(21)","Field Guide to Debugging | Debugging | 0. Debugging is a creative act | 1. Change your perspective | 2. Observe the problem | 3. Before you start making changes… | 4. Check the basics | 5. Check black boxes"
"How to Optimize Your Sketches","https://beta.p5js.org/tutorials/how-to-optimize-your-sketches/","53","5","copy|dist|log|random|millis","pre code(5)","How to Optimize Your Sketches | Prerequisites | Step 1 – Define the problem | Step 2 – Understand and organize your code | Step 3 – Form a hypothesis | Step 4 – Test your hypothesis | Step 5 – Reflect on your goals and decide | Step 6 – Iterate"
"Getting Started with Node.js","https://beta.p5js.org/tutorials/getting-started-with-nodejs/","49","7","setup|draw|createCanvas|background|get|log|loadJSON","pre code(12)","Getting Started with Node.js | Prerequisites | Introducing Hypertext Transfer Protocol (HTTP) | Step 1: Setting up the code in an external editor | Step 2: Install Node.js & Express.js | Step 3: Read filenames from a folder on the server | Next Steps | Resources"
"Shape Primitives","https://beta.p5js.org/examples/shapes-and-color-shape-primitives/","20","8","setup|createCanvas|background|rect|square|arc|angleMode|textOutput",".cm-content(1)","Shape Primitives | Related References | Related Examples"
"Color","https://beta.p5js.org/examples/shapes-and-color-color/","23","9","setup|createCanvas|background|fill|stroke|strokeWeight|square|angleMode|textOutput",".cm-content(1)","Color | Related Examples"
"Drawing Lines","https://beta.p5js.org/examples/animation-and-variables-drawing-lines/","19","10","setup|createCanvas|background|stroke|strokeWeight|line|mouseDragged|colorMode|brightness|describe",".cm-content(1)","Drawing Lines | Related Examples"
"Animation with Events","https://beta.p5js.org/examples/animation-and-variables-animation-with-events/","21","10","setup|draw|createCanvas|background|fill|circle|textSize|colorMode|brightness|noLoop",".cm-content(1)","Animation with Events | Related Examples"
"Mobile Device Movement","https://beta.p5js.org/examples/animation-and-variables-mobile-device-movement/","17","6","setup|createCanvas|background|deviceMoved|map|describe",".cm-content(1)","Mobile Device Movement | Related Examples"
"Conditions","https://beta.p5js.org/examples/animation-and-variables-conditions/","25","7","setup|createCanvas|background|fill|noStroke|rect|colorMode",".cm-content(1)","Conditions | Related Examples"
"Words","https://beta.p5js.org/examples/imported-media-words/","16","7","setup|createCanvas|background|textSize|textFont|loadFont|describe",".cm-content(1)","Words | Related Examples"
"Copy Image Data","https://beta.p5js.org/examples/imported-media-copy-image-data/","18","6","setup|createCanvas|loadImage|image|color|describe",".cm-content(1)","Copy Image Data | Related Examples"
"Alpha Mask","https://beta.p5js.org/examples/imported-media-alpha-mask/","19","8","setup|draw|createCanvas|background|textAlign|loadImage|image|describe",".cm-content(1)","Alpha Mask | Related Examples"
"Image Transparency","https://beta.p5js.org/examples/imported-media-image-transparency/","19","7","setup|draw|createCanvas|loadImage|image|tint|describe",".cm-content(1)","Image Transparency | Related Examples"
"Audio Player","https://beta.p5js.org/examples/imported-media-create-audio/","17","3","setup|loop|createAudio",".cm-content(1)","Audio Player | Related Examples"
"Video Player","https://beta.p5js.org/examples/imported-media-video/","16","3","setup|createButton|createVideo",".cm-content(1)","Video Player | Related Examples"
"Video on Canvas","https://beta.p5js.org/examples/imported-media-video-canvas/","42","12","setup|draw|createCanvas|background|mousePressed|text|textSize|image|filter|loop|createVideo|describe",".cm-content(1)","Video on Canvas | Related Examples"
"Video Capture","https://beta.p5js.org/examples/imported-media-video-capture/","20","6","setup|draw|createCanvas|background|createCapture|describe",".cm-content(1)","Video Capture | Related Examples"
"Image Drop","https://beta.p5js.org/examples/input-elements-image-drop/","22","11","setup|draw|createCanvas|background|fill|noStroke|text|textSize|textAlign|noLoop|describe",".cm-content(1)","Image Drop | Related Examples"
"Input and Button","https://beta.p5js.org/examples/input-elements-input-button/","19","7","setup|createCanvas|background|mousePressed|createButton|createInput|createElement",".cm-content(1)","Input and Button | Related Examples"
"Form Elements","https://beta.p5js.org/examples/input-elements-dom-form-elements/","21","4","setup|createCanvas|createInput|createSelect",".cm-content(1)","Form Elements | Related Examples"
"Translate","https://beta.p5js.org/examples/transformation-translate/","22","10","setup|draw|createCanvas|background|fill|circle|rect|push|translate|textOutput",".cm-content(1)","Translate | Related Examples"
"Rotate","https://beta.p5js.org/examples/transformation-rotate/","21","12","setup|draw|createCanvas|background|fill|push|textSize|textAlign|colorMode|brightness|angleMode|describe",".cm-content(1)","Rotate | Related Examples"
"Scale","https://beta.p5js.org/examples/transformation-scale/","25","10","setup|draw|createCanvas|background|fill|square|push|pop|scale|textOutput",".cm-content(1)","Scale | Related Examples"
"Linear Interpolation","https://beta.p5js.org/examples/calculating-values-interpolate/","20","10","setup|draw|createCanvas|background|fill|stroke|noStroke|ellipse|lerp|textOutput",".cm-content(1)","Linear Interpolation | Related Examples"
"Map","https://beta.p5js.org/examples/calculating-values-map/","15","10","setup|draw|createCanvas|background|fill|noStroke|circle|colorMode|map|textOutput",".cm-content(1)","Map | Related Examples"
"Random","https://beta.p5js.org/examples/calculating-values-random/","20","6","setup|draw|createCanvas|color|random|describe",".cm-content(1)","Random | Related Examples"
"Constrain","https://beta.p5js.org/examples/calculating-values-constrain/","21","7","setup|draw|createCanvas|background|noStroke|circle|describe",".cm-content(1)","Constrain | Related Examples"
"Clock","https://beta.p5js.org/examples/calculating-values-clock/","22","9","setup|draw|createCanvas|background|stroke|translate|min|angleMode|describe",".cm-content(1)","Clock | Related Examples"
"Color Interpolation","https://beta.p5js.org/examples/repetition-color-interpolation/","19","6","setup|createCanvas|noStroke|color|colorMode|describe",".cm-content(1)","Color Interpolation | Related Examples"
"Color Wheel","https://beta.p5js.org/examples/repetition-color-wheel/","19","9","setup|createCanvas|background|noStroke|push|textAlign|colorMode|angleMode|describe",".cm-content(1)","Color Wheel | Related Examples"
"Bezier","https://beta.p5js.org/examples/repetition-bezier/","20","9","setup|draw|createCanvas|background|noFill|strokeWeight|line|colorMode|describe",".cm-content(1)","Bezier | Related Examples"
"Kaleidoscope","https://beta.p5js.org/examples/repetition-kaleidoscope/","21","7","setup|draw|createCanvas|background|translate|angleMode|describe",".cm-content(1)","Kaleidoscope | Related Examples"
"Noise","https://beta.p5js.org/examples/repetition-noise/","22","4","setup|createCanvas|mouseMoved|createSlider",".cm-content(1)","Noise | Related Examples"
"Recursive Tree","https://beta.p5js.org/examples/repetition-recursive-tree/","22","11","setup|draw|createCanvas|background|stroke|line|translate|colorMode|min|angleMode|describe",".cm-content(1)","Recursive Tree | Related Examples"
"Random Poetry","https://beta.p5js.org/examples/listing-data-with-arrays-random-poetry/","11","0","",".cm-content(1)","Random Poetry | Related Examples"
"Sine and Cosine","https://beta.p5js.org/examples/angles-and-motion-sine-cosine/","24","11","setup|draw|createCanvas|background|fill|noFill|text|textSize|textAlign|angleMode|describe",".cm-content(1)","Sine and Cosine | Related Examples"
"Aim","https://beta.p5js.org/examples/angles-and-motion-aim/","24","14","setup|draw|createCanvas|background|fill|ellipse|push|pop|translate|rotate|colorMode|atan2|angleMode|describe",".cm-content(1)","Aim | Related Examples"
"Triangle Strip","https://beta.p5js.org/examples/angles-and-motion-triangle-strip/","23","11","setup|draw|createCanvas|background|translate|colorMode|map|round|angleMode|createP|describe",".cm-content(1)","Triangle Strip | Related Examples"
"Circle Clicker","https://beta.p5js.org/examples/games-circle-clicker/","28","11","setup|draw|createCanvas|background|fill|noStroke|circle|textSize|colorMode|getItem|describeElement",".cm-content(1)","Circle Clicker | Related Examples"
"Ping Pong","https://beta.p5js.org/examples/games-ping-pong/","28","8","setup|createCanvas|fill|noStroke|textSize|textAlign|noLoop|describe",".cm-content(1)","Ping Pong | Related Examples"
"Snake","https://beta.p5js.org/examples/games-snake/","21","0","",".cm-content(1)","Snake | Related Examples"
"Geometries","https://beta.p5js.org/examples/3d-geometries/","17","9","setup|draw|createCanvas|background|push|loadModel|angleMode|normalMaterial|describe",".cm-content(1)","Geometries | Related Examples"
"Custom Geometry","https://beta.p5js.org/examples/3d-custom-geometry/","27","13","setup|createCanvas|fill|push|pop|translate|scale|colorMode|random|angleMode|sphere|buildGeometry|describe",".cm-content(1)","Custom Geometry | Related Examples"
"Materials","https://beta.p5js.org/examples/3d-materials/","21","6","setup|createCanvas|loadImage|loadModel|angleMode|describe",".cm-content(1)","Materials | Related Examples"
"Orbit Control","https://beta.p5js.org/examples/3d-orbit-control/","18","10","setup|draw|createCanvas|background|noFill|stroke|strokeWeight|angleMode|orbitControl|describe",".cm-content(1)","Orbit Control | Related Examples"
"Filter Shader","https://beta.p5js.org/examples/3d-filter-shader/","22","0","",".cm-content(1)","Filter Shader | Related Examples"
"Adjusting Positions with a Shader","https://beta.p5js.org/examples/3d-adjusting-positions-with-a-shader/","19","2","vertex|sin",".cm-content(1)","Adjusting Positions with a Shader | Related Examples"
"Framebuffer Blur","https://beta.p5js.org/examples/3d-framebuffer-blur/","21","0","",".cm-content(1)","Framebuffer Blur | Related Examples"
"Create Graphics","https://beta.p5js.org/examples/advanced-canvas-rendering-create-graphics/","17","6","setup|draw|createCanvas|background|createGraphics|describe",".cm-content(1)","Create Graphics | Related Examples"
"Multiple Canvases","https://beta.p5js.org/examples/advanced-canvas-rendering-multiple-canvases/","26","6","createCanvas|background|fill|stroke|circle|square",".cm-content(1)","Multiple Canvases | Related Examples"
"Shader as a Texture","https://beta.p5js.org/examples/advanced-canvas-rendering-shader-as-a-texture/","25","0","",".cm-content(1)","Shader as a Texture | Related Examples"
"Snowflakes","https://beta.p5js.org/examples/classes-and-objects-snowflakes/","21","7","setup|draw|createCanvas|background|push|angleMode|describe",".cm-content(1)","Snowflakes | Related Examples"
"Shake Ball Bounce","https://beta.p5js.org/examples/classes-and-objects-shake-ball-bounce/","20","2","setup|describe",".cm-content(1)","Shake Ball Bounce | Related Examples"
"Connected Particles","https://beta.p5js.org/examples/classes-and-objects-connected-particles/","17","5","setup|createCanvas|colorMode|createVector|describe",".cm-content(1)","Connected Particles | Related Examples"
"Flocking","https://beta.p5js.org/examples/classes-and-objects-flocking/","25","7","setup|draw|createCanvas|background|mouseDragged|createP|describe",".cm-content(1)","Flocking | Related Examples"
"Local Storage","https://beta.p5js.org/examples/loading-and-saving-data-local-storage/","23","3","setup|createCanvas|push",".cm-content(1)","Local Storage | Related Examples"
"JSON","https://beta.p5js.org/examples/loading-and-saving-data-json/","23","3","setup|createCanvas|push",".cm-content(1)","JSON | Related Examples"
"Table","https://beta.p5js.org/examples/loading-and-saving-data-table/","20","0","",".cm-content(1)","Table | Related Examples"
"Non-Orthogonal Reflection","https://beta.p5js.org/examples/math-and-physics-non-orthogonal-reflection/","22","5","setup|createCanvas|colorMode|createVector|p5.Vector",".cm-content(1)","Non-Orthogonal Reflection | Related Examples"
"Soft Body","https://beta.p5js.org/examples/math-and-physics-soft-body/","27","2","setup|createCanvas",".cm-content(1)","Soft Body | Related Examples"
"Forces","https://beta.p5js.org/examples/math-and-physics-forces/","22","6","setup|draw|createCanvas|background|colorMode|describe",".cm-content(1)","Forces | Related Examples"
"Smoke Particles","https://beta.p5js.org/examples/math-and-physics-smoke-particle-system/","0","0","","failed",""
"Game of Life","https://beta.p5js.org/examples/math-and-physics-game-of-life/","0","0","","failed",""
"Mandelbrot Set","https://beta.p5js.org/examples/math-and-physics-mandelbrot/","0","0","","failed",""
"Async Await with Promise.all","https://beta.p5js.org/examples/parallel-loading-promise-async-image-loader/","0","0","","failed",""
