"Title","URL","HeightPx","Screens","Method"
"p5.strands: Introduction to Shaders","https://beta.p5js.org/tutorials/intro-to-p5-strands/","26666.9","28.1","selector"
"Typography 2.0","https://beta.p5js.org/tutorials/typography-20/","50434","53.1","selector"
"Setting Up Your Environment","https://beta.p5js.org/tutorials/setting-up-your-environment/","19961.5","21.0","selector"
"Get Started","https://beta.p5js.org/tutorials/get-started/","23171.9","24.4","selector"
"Variables and Change","https://beta.p5js.org/tutorials/variables-and-change/","30844.3","32.5","selector"
"Conditionals and Interactivity","https://beta.p5js.org/tutorials/conditionals-and-interactivity/","25832.1","27.2","selector"
"Organizing Code with Functions","https://beta.p5js.org/tutorials/organizing-code-with-functions/","29199.2","30.7","selector"
"Repeating with Loops","https://beta.p5js.org/tutorials/repeating-with-loops/","43504","45.8","selector"
"Data Structure Garden","https://beta.p5js.org/tutorials/data-structure-garden/","34516.1","36.3","selector"
"Animating with Media Objects","https://beta.p5js.org/tutorials/animating-with-media-objects/","38592.1","40.6","selector"
"Color Gradients","https://beta.p5js.org/tutorials/color-gradients/","16682","17.6","selector"
"Custom Shapes and Smooth Curves","https://beta.p5js.org/tutorials/custom-shapes-and-smooth-curves/","27744.9","29.2","selector"
"Creating and Styling HTML","https://beta.p5js.org/tutorials/creating-styling-html/","23806.1","25.1","selector"
"Loading and Selecting Fonts","https://beta.p5js.org/tutorials/loading-and-selecting-fonts/","13916.9","14.6","selector"
"How to Use p5.js with a Screen Reader","https://beta.p5js.org/tutorials/p5js-with-screen-reader/","8819.2","9.3","selector"
"Writing Accessible Canvas Descriptions","https://beta.p5js.org/tutorials/writing-accessible-canvas-descriptions/","9527.9","10.0","selector"
"Chatting with/about Code","https://beta.p5js.org/tutorials/criticalai1-chatting-with-about-code/","11968.7","12.6","selector"
"Critical AI Prompt Battle","https://beta.p5js.org/tutorials/criticalai2-prompt-battle/","15581.6","16.4","selector"
"Critical AI Sentiment Dataset Explorer","https://beta.p5js.org/tutorials/criticalai3-sentiment-dataset-explorer/","12301.7","12.9","selector"
"Critical AI No-AI Chatbot","https://beta.p5js.org/tutorials/criticalai4-no-ai-chatbot/","12774.6","13.4","selector"
"Coordinates and Transformations","https://beta.p5js.org/tutorials/coordinates-and-transformations/","14440.5","15.2","selector"
"Creating Custom Geometry in WebGL","https://beta.p5js.org/tutorials/custom-geometry/","12256.7","12.9","selector"
"Lights Camera Materials","https://beta.p5js.org/tutorials/lights-camera-materials/","13682","14.4","selector"
"Introduction to GLSL","https://beta.p5js.org/tutorials/intro-to-glsl/","18832.2","19.8","selector"
"Layered Rendering with Framebuffers","https://beta.p5js.org/tutorials/layered-rendering-with-framebuffers/","11877.3","12.5","selector"
"Optimizing WebGL Sketches","https://beta.p5js.org/tutorials/optimizing-webgl-sketches/","13568.9","14.3","selector"
"Field Guide to Debugging","https://beta.p5js.org/tutorials/field-guide-to-debugging/","24291.8","25.6","selector"
"How to Optimize Your Sketches","https://beta.p5js.org/tutorials/how-to-optimize-your-sketches/","12086","12.7","selector"
"Getting Started with Node.js","https://beta.p5js.org/tutorials/getting-started-with-nodejs/","9799.7","10.3","selector"
"Shape Primitives","https://beta.p5js.org/examples/shapes-and-color-shape-primitives/","2840.3","3.0","selector"
"Color","https://beta.p5js.org/examples/shapes-and-color-color/","3272.3","3.4","selector"
"Drawing Lines","https://beta.p5js.org/examples/animation-and-variables-drawing-lines/","2002.8","2.1","selector"
"Animation with Events","https://beta.p5js.org/examples/animation-and-variables-animation-with-events/","2568.2","2.7","selector"
"Mobile Device Movement","https://beta.p5js.org/examples/animation-and-variables-mobile-device-movement/","1908.8","2.0","selector"
"Conditions","https://beta.p5js.org/examples/animation-and-variables-conditions/","3632.8","3.8","selector"
"Words","https://beta.p5js.org/examples/imported-media-words/","2773.3","2.9","selector"
"Copy Image Data","https://beta.p5js.org/examples/imported-media-copy-image-data/","2323.6","2.4","selector"
"Alpha Mask","https://beta.p5js.org/examples/imported-media-alpha-mask/","2523.8","2.7","selector"
"Image Transparency","https://beta.p5js.org/examples/imported-media-image-transparency/","2430","2.6","selector"
"Audio Player","https://beta.p5js.org/examples/imported-media-create-audio/","2100.8","2.2","selector"
"Video Player","https://beta.p5js.org/examples/imported-media-video/","2472.8","2.6","selector"
"Video on Canvas","https://beta.p5js.org/examples/imported-media-video-canvas/","3246.8","3.4","selector"
"Video Capture","https://beta.p5js.org/examples/imported-media-video-capture/","2379.2","2.5","selector"
"Image Drop","https://beta.p5js.org/examples/input-elements-image-drop/","2414","2.5","selector"
"Input and Button","https://beta.p5js.org/examples/input-elements-input-button/","2518.6","2.7","selector"
"Form Elements","https://beta.p5js.org/examples/input-elements-dom-form-elements/","3031","3.2","selector"
"Translate","https://beta.p5js.org/examples/transformation-translate/","2438.5","2.6","selector"
"Rotate","https://beta.p5js.org/examples/transformation-rotate/","2595.2","2.7","selector"
"Scale","https://beta.p5js.org/examples/transformation-scale/","2514.7","2.6","selector"
"Linear Interpolation","https://beta.p5js.org/examples/calculating-values-interpolate/","2298.8","2.4","selector"
"Map","https://beta.p5js.org/examples/calculating-values-map/","2010.8","2.1","selector"
"Random","https://beta.p5js.org/examples/calculating-values-random/","2487","2.6","selector"
"Constrain","https://beta.p5js.org/examples/calculating-values-constrain/","2552.2","2.7","selector"
"Clock","https://beta.p5js.org/examples/calculating-values-clock/","2914.7","3.1","selector"
"Color Interpolation","https://beta.p5js.org/examples/repetition-color-interpolation/","3012.9","3.2","selector"
"Color Wheel","https://beta.p5js.org/examples/repetition-color-wheel/","2701.5","2.8","selector"
"Bezier","https://beta.p5js.org/examples/repetition-bezier/","2413.8","2.5","selector"
"Kaleidoscope","https://beta.p5js.org/examples/repetition-kaleidoscope/","2918.8","3.1","selector"
"Noise","https://beta.p5js.org/examples/repetition-noise/","2895","3","selector"
"Recursive Tree","https://beta.p5js.org/examples/repetition-recursive-tree/","3004.5","3.2","selector"
"Random Poetry","https://beta.p5js.org/examples/listing-data-with-arrays-random-poetry/","2772.1","2.9","selector"
"Sine and Cosine","https://beta.p5js.org/examples/angles-and-motion-sine-cosine/","3951.4","4.2","selector"
"Aim","https://beta.p5js.org/examples/angles-and-motion-aim/","2382","2.5","selector"
"Triangle Strip","https://beta.p5js.org/examples/angles-and-motion-triangle-strip/","2718.1","2.9","selector"
"Circle Clicker","https://beta.p5js.org/examples/games-circle-clicker/","3607.9","3.8","selector"
"Ping Pong","https://beta.p5js.org/examples/games-ping-pong/","5168.3","5.4","selector"
"Snake","https://beta.p5js.org/examples/games-snake/","6733.4","7.1","selector"
"Geometries","https://beta.p5js.org/examples/3d-geometries/","3228.5","3.4","selector"
"Custom Geometry","https://beta.p5js.org/examples/3d-custom-geometry/","3223.5","3.4","selector"
"Materials","https://beta.p5js.org/examples/3d-materials/","6231.5","6.6","selector"
"Orbit Control","https://beta.p5js.org/examples/3d-orbit-control/","2402","2.5","selector"
"Filter Shader","https://beta.p5js.org/examples/3d-filter-shader/","2705.9","2.8","selector"
"Adjusting Positions with a Shader","https://beta.p5js.org/examples/3d-adjusting-positions-with-a-shader/","3440.2","3.6","selector"
"Framebuffer Blur","https://beta.p5js.org/examples/3d-framebuffer-blur/","4676.8","4.9","selector"
"Create Graphics","https://beta.p5js.org/examples/advanced-canvas-rendering-create-graphics/","2497.1","2.6","selector"
"Multiple Canvases","https://beta.p5js.org/examples/advanced-canvas-rendering-multiple-canvases/","2018.8","2.1","selector"
"Shader as a Texture","https://beta.p5js.org/examples/advanced-canvas-rendering-shader-as-a-texture/","4494.4","4.7","selector"
"Snowflakes","https://beta.p5js.org/examples/classes-and-objects-snowflakes/","2954.7","3.1","selector"
"Shake Ball Bounce","https://beta.p5js.org/examples/classes-and-objects-shake-ball-bounce/","5128.8","5.4","selector"
"Connected Particles","https://beta.p5js.org/examples/classes-and-objects-connected-particles/","4759.1","5.0","selector"
"Flocking","https://beta.p5js.org/examples/classes-and-objects-flocking/","6277","6.6","selector"
"Local Storage","https://beta.p5js.org/examples/loading-and-saving-data-local-storage/","4118.5","4.3","selector"
"JSON","https://beta.p5js.org/examples/loading-and-saving-data-json/","4354.6","4.6","selector"
"Table","https://beta.p5js.org/examples/loading-and-saving-data-table/","4431","4.7","selector"
"Non-Orthogonal Reflection","https://beta.p5js.org/examples/math-and-physics-non-orthogonal-reflection/","3932.2","4.1","selector"
"Soft Body","https://beta.p5js.org/examples/math-and-physics-soft-body/","3653.9","3.8","selector"
"Forces","https://beta.p5js.org/examples/math-and-physics-forces/","4582.4","4.8","selector"
"Smoke Particles","https://beta.p5js.org/examples/math-and-physics-smoke-particle-system/","4424","4.7","selector"
"Game of Life","https://beta.p5js.org/examples/math-and-physics-game-of-life/","4480","4.7","selector"
"Mandelbrot Set","https://beta.p5js.org/examples/math-and-physics-mandelbrot/",,,"failed"
"Async Await with Promise.all","https://beta.p5js.org/examples/parallel-loading-promise-async-image-loader/","2212.7","2.3","selector"
